<?xml version="1.0" encoding="UTF-8"?>
<jcr:root xmlns:sling="http://sling.apache.org/jcr/sling/1.0" xmlns:cq="http://www.day.com/jcr/cq/1.0" xmlns:jcr="http://www.jcp.org/jcr/1.0" xmlns:nt="http://www.jcp.org/jcr/nt/1.0"
    jcr:primaryType="nt:unstructured"
    jcr:title="Author"
    sling:resourceType="cq/gui/components/authoring/dialog"
    helpPath="https://www.adobe.com/go/aem_cmp_contentfragment_v1">
    <content
        jcr:primaryType="nt:unstructured"
        sling:resourceType="granite/ui/components/coral/foundation/container">
        <items jcr:primaryType="nt:unstructured">
            <tabs
                jcr:primaryType="nt:unstructured"
                sling:resourceType="granite/ui/components/coral/foundation/tabs"
                maximized="{Boolean}true">
                <items jcr:primaryType="nt:unstructured">
                    <specifications
                        jcr:primaryType="nt:unstructured"
                        jcr:title="Specifications"
                        sling:resourceType="granite/ui/components/coral/foundation/container"
                        margin="{Boolean}true">
                        <items jcr:primaryType="nt:unstructured">
                            <firstName
                                jcr:primaryType="nt:unstructured"
                                sling:resourceType="granite/ui/components/coral/foundation/form/textfield"
                                fieldDescription="Enter First Name"
                                fieldLabel="First Name"
                                name="./firstName"/>
                            <lastName
                                jcr:primaryType="nt:unstructured"
                                sling:resourceType="granite/ui/components/coral/foundation/form/textfield"
                                fieldDescription="Enter Last Name"
                                fieldLabel="Last Name"
                                name="./lastName"/>
                            <isAemDeveloper
                                jcr:primaryType="nt:unstructured"
                                sling:resourceType="granite/ui/components/coral/foundation/form/checkbox"
                                checked="{Boolean}false"
                                fieldDescription="Check"
                                fieldLabel="AEM Developer"
                                name="./isAemDeveloper"
                                text="AEM Developer"
                                uncheckedValue="{Boolean}false"
                                value="{Boolean}true"/>
                        </items>
                    </specifications>
                </items>
            </tabs>
        </items>
    </content>
</jcr:root>
